,col1,col2,corr
0,total_cases_per_million,new_cases_per_million,0.27778739420706955
1,total_cases_per_million,new_cases_smoothed_per_million,0.4302158843255474
2,total_cases_per_million,total_deaths_per_million,0.6887001240364867
3,total_cases_per_million,new_deaths_per_million,0.29550728086973055
4,total_cases_per_million,new_deaths_smoothed_per_million,0.25868978867249526
5,total_cases_per_million,reproduction_rate,0.19235609815892646
6,total_cases_per_million,icu_patients_per_million,0.19731820264141262
7,total_cases_per_million,hosp_patients_per_million,0.09551632313319257
8,total_cases_per_million,weekly_icu_admissions_per_million,0.33209133104426825
9,total_cases_per_million,weekly_hosp_admissions_per_million,0.4332771945568159
10,total_cases_per_million,new_tests,0.1611508293087999
11,total_cases_per_million,total_tests,0.10348276536962436
12,total_cases_per_million,total_tests_per_thousand,0.3825090193001597
13,total_cases_per_million,new_tests_per_thousand,0.31012668072859206
14,total_cases_per_million,new_tests_smoothed,0.10755134728348574
15,total_cases_per_million,new_tests_smoothed_per_thousand,0.29890505093588243
16,total_cases_per_million,positive_rate,0.08355436149432166
17,total_cases_per_million,tests_per_case,-0.17726962951985714
18,total_cases_per_million,new_vaccinations,-0.14639185712468483
19,total_cases_per_million,total_vaccinations_per_hundred,0.5444823908008142
20,total_cases_per_million,people_vaccinated_per_hundred,0.5235114817558052
21,total_cases_per_million,people_fully_vaccinated_per_hundred,0.5549232773066538
22,total_cases_per_million,total_boosters_per_hundred,0.28231649900232575
23,total_cases_per_million,new_vaccinations_smoothed_per_million,-0.08773469386588324
24,total_cases_per_million,stringency_index,0.015476621395985012
25,total_cases_per_million,population,-0.0626144767857236
26,total_cases_per_million,population_density,0.03897774905470708
27,total_cases_per_million,median_age,0.6075605981194261
28,total_cases_per_million,aged_65_older,0.5386775909923408
29,total_cases_per_million,aged_70_older,0.534225744311178
30,total_cases_per_million,gdp_per_capita,0.44667128572419723
31,total_cases_per_million,extreme_poverty,-0.5352315874841609
32,total_cases_per_million,cardiovasc_death_rate,-0.2794432620710911
33,total_cases_per_million,diabetes_prevalence,0.044622430070856915
34,total_cases_per_million,female_smokers,0.5474167521429438
35,total_cases_per_million,male_smokers,0.1639839745538773
36,total_cases_per_million,handwashing_facilities,0.6023479587119835
37,total_cases_per_million,hospital_beds_per_thousand,0.32959366166662274
38,total_cases_per_million,life_expectancy,0.5826960717712909
39,total_cases_per_million,human_development_index,0.638782989033581
40,total_cases_per_million,excess_mortality_cumulative_absolute,-0.3184748085636901
41,total_cases_per_million,excess_mortality,-0.16901287339988655
42,total_cases_per_million,excess_mortality_cumulative_per_million,-0.017531973532733003
43,new_cases_per_million,new_cases_smoothed_per_million,0.7063769074849989
44,new_cases_per_million,total_deaths_per_million,0.13655896310108415
45,new_cases_per_million,new_deaths_per_million,0.34194670426274953
46,new_cases_per_million,new_deaths_smoothed_per_million,0.3305899388720456
47,new_cases_per_million,reproduction_rate,0.10533450981565566
48,new_cases_per_million,icu_patients_per_million,0.25677104403357953
49,new_cases_per_million,hosp_patients_per_million,0.2670972370327759
50,new_cases_per_million,weekly_icu_admissions_per_million,0.20115845703952956
51,new_cases_per_million,weekly_hosp_admissions_per_million,0.26778956862051806
52,new_cases_per_million,new_tests,0.07915025871450435
53,new_cases_per_million,total_tests,-0.015672968698469805
54,new_cases_per_million,total_tests_per_thousand,0.07298287189398851
55,new_cases_per_million,new_tests_per_thousand,0.07493977683248867
56,new_cases_per_million,new_tests_smoothed,0.031166282691034528
57,new_cases_per_million,new_tests_smoothed_per_thousand,0.08597007367025535
58,new_cases_per_million,positive_rate,0.19811975853997993
59,new_cases_per_million,tests_per_case,-0.06206180046667256
60,new_cases_per_million,new_vaccinations,-0.06227523764632971
61,new_cases_per_million,total_vaccinations_per_hundred,0.12255340642816039
62,new_cases_per_million,people_vaccinated_per_hundred,0.12154005365898976
63,new_cases_per_million,people_fully_vaccinated_per_hundred,0.135000260555769
64,new_cases_per_million,total_boosters_per_hundred,-0.16535251946138985
65,new_cases_per_million,new_vaccinations_smoothed_per_million,-0.037950570121575884
66,new_cases_per_million,stringency_index,0.02564821287178227
67,new_cases_per_million,population,-0.037392044506893964
68,new_cases_per_million,population_density,0.013839977166170579
69,new_cases_per_million,median_age,0.17164249478319507
70,new_cases_per_million,aged_65_older,0.18220005208949935
71,new_cases_per_million,aged_70_older,0.17477816924187872
72,new_cases_per_million,gdp_per_capita,0.07399201747914767
73,new_cases_per_million,extreme_poverty,-0.19620229477769469
74,new_cases_per_million,cardiovasc_death_rate,-0.03553001087930726
75,new_cases_per_million,diabetes_prevalence,0.06728661019077735
76,new_cases_per_million,female_smokers,0.3551221314184109
77,new_cases_per_million,male_smokers,0.1405633977987366
78,new_cases_per_million,handwashing_facilities,0.4043540781544199
79,new_cases_per_million,hospital_beds_per_thousand,0.216151084401336
80,new_cases_per_million,life_expectancy,0.19507924672510518
81,new_cases_per_million,human_development_index,0.21588417438542773
82,new_cases_per_million,excess_mortality_cumulative_absolute,-0.3984376511245855
83,new_cases_per_million,excess_mortality,0.7120595095019857
84,new_cases_per_million,excess_mortality_cumulative_per_million,-0.25244263278396123
85,new_cases_smoothed_per_million,total_deaths_per_million,0.23946134015473103
86,new_cases_smoothed_per_million,new_deaths_per_million,0.33074217791130256
87,new_cases_smoothed_per_million,new_deaths_smoothed_per_million,0.6681712007703202
88,new_cases_smoothed_per_million,reproduction_rate,0.3020893191453426
89,new_cases_smoothed_per_million,icu_patients_per_million,0.5248069518893572
90,new_cases_smoothed_per_million,hosp_patients_per_million,0.49137011023962757
91,new_cases_smoothed_per_million,weekly_icu_admissions_per_million,0.6678198340201551
92,new_cases_smoothed_per_million,weekly_hosp_admissions_per_million,0.8178042872430473
93,new_cases_smoothed_per_million,new_tests,0.13561128119985022
94,new_cases_smoothed_per_million,total_tests,0.04593506581554748
95,new_cases_smoothed_per_million,total_tests_per_thousand,0.10696787815549784
96,new_cases_smoothed_per_million,new_tests_per_thousand,0.14050002581254128
97,new_cases_smoothed_per_million,new_tests_smoothed,0.08361387822272297
98,new_cases_smoothed_per_million,new_tests_smoothed_per_thousand,0.16298519711464196
99,new_cases_smoothed_per_million,positive_rate,0.4296136833594975
100,new_cases_smoothed_per_million,tests_per_case,-0.11772532218490554
101,new_cases_smoothed_per_million,new_vaccinations,-0.10722679370483901
102,new_cases_smoothed_per_million,total_vaccinations_per_hundred,0.1797076793358838
103,new_cases_smoothed_per_million,people_vaccinated_per_hundred,0.1726955368366642
104,new_cases_smoothed_per_million,people_fully_vaccinated_per_hundred,0.18993322874260474
105,new_cases_smoothed_per_million,total_boosters_per_hundred,-0.019446752717561588
106,new_cases_smoothed_per_million,new_vaccinations_smoothed_per_million,0.02656219586298705
107,new_cases_smoothed_per_million,stringency_index,0.04942412646212411
108,new_cases_smoothed_per_million,population,-0.0642631971466557
109,new_cases_smoothed_per_million,population_density,0.007153835406492666
110,new_cases_smoothed_per_million,median_age,0.39622850724629277
111,new_cases_smoothed_per_million,aged_65_older,0.37405166571485665
112,new_cases_smoothed_per_million,aged_70_older,0.36387354428167124
113,new_cases_smoothed_per_million,gdp_per_capita,0.15308606332579752
114,new_cases_smoothed_per_million,extreme_poverty,-0.3118443641931696
115,new_cases_smoothed_per_million,cardiovasc_death_rate,-0.020415801953228695
116,new_cases_smoothed_per_million,diabetes_prevalence,0.1200075390276226
117,new_cases_smoothed_per_million,female_smokers,0.3951035459424177
118,new_cases_smoothed_per_million,male_smokers,0.2286538533201419
119,new_cases_smoothed_per_million,handwashing_facilities,0.40807992675431404
120,new_cases_smoothed_per_million,hospital_beds_per_thousand,0.3008092755451618
121,new_cases_smoothed_per_million,life_expectancy,0.2772936702719887
122,new_cases_smoothed_per_million,human_development_index,0.35452086436951435
123,new_cases_smoothed_per_million,excess_mortality_cumulative_absolute,-0.4156336102181911
124,new_cases_smoothed_per_million,excess_mortality,0.6581176105917294
125,new_cases_smoothed_per_million,excess_mortality_cumulative_per_million,-0.24252190753812908
126,total_deaths_per_million,new_deaths_per_million,0.23179798052221803
127,total_deaths_per_million,new_deaths_smoothed_per_million,0.28211762558095405
128,total_deaths_per_million,reproduction_rate,0.2483400217206293
129,total_deaths_per_million,icu_patients_per_million,0.5210430124105866
130,total_deaths_per_million,hosp_patients_per_million,0.43268449155970584
131,total_deaths_per_million,weekly_icu_admissions_per_million,0.029043682544962122
132,total_deaths_per_million,weekly_hosp_admissions_per_million,0.2145306373071527
133,total_deaths_per_million,new_tests,0.07594557969626005
134,total_deaths_per_million,total_tests,0.0647656605466183
135,total_deaths_per_million,total_tests_per_thousand,0.007192076031696423
136,total_deaths_per_million,new_tests_per_thousand,-0.045930734732170846
137,total_deaths_per_million,new_tests_smoothed,0.05926262462565991
138,total_deaths_per_million,new_tests_smoothed_per_thousand,-0.026704872538581607
139,total_deaths_per_million,positive_rate,0.1371857679820632
140,total_deaths_per_million,tests_per_case,-0.16890410858449587
141,total_deaths_per_million,new_vaccinations,-0.10770883844471411
142,total_deaths_per_million,total_vaccinations_per_hundred,0.2990737018823072
143,total_deaths_per_million,people_vaccinated_per_hundred,0.3387359642081358
144,total_deaths_per_million,people_fully_vaccinated_per_hundred,0.333139824901833
145,total_deaths_per_million,total_boosters_per_hundred,-0.061793606131155705
146,total_deaths_per_million,new_vaccinations_smoothed_per_million,-0.020690520656392385
147,total_deaths_per_million,stringency_index,0.025455439494770943
148,total_deaths_per_million,population,-0.042311166109748014
149,total_deaths_per_million,population_density,-0.05092731414135767
150,total_deaths_per_million,median_age,0.5166324179775437
151,total_deaths_per_million,aged_65_older,0.5078985376309044
152,total_deaths_per_million,aged_70_older,0.5035861063314224
153,total_deaths_per_million,gdp_per_capita,0.18869667704933546
154,total_deaths_per_million,extreme_poverty,-0.46478454405887437
155,total_deaths_per_million,cardiovasc_death_rate,-0.17900461664549008
156,total_deaths_per_million,diabetes_prevalence,0.036155124454695105
157,total_deaths_per_million,female_smokers,0.528206284258549
158,total_deaths_per_million,male_smokers,0.128010959619916
159,total_deaths_per_million,handwashing_facilities,0.5344491649071699
160,total_deaths_per_million,hospital_beds_per_thousand,0.2687543257479412
161,total_deaths_per_million,life_expectancy,0.44862836883400364
162,total_deaths_per_million,human_development_index,0.49803425500599946
163,total_deaths_per_million,excess_mortality_cumulative_absolute,0.9354734861608109
164,total_deaths_per_million,excess_mortality,-0.05668693019727581
165,total_deaths_per_million,excess_mortality_cumulative_per_million,0.9857128798606103
166,new_deaths_per_million,new_deaths_smoothed_per_million,0.5805197589041013
167,new_deaths_per_million,reproduction_rate,0.060603582253962084
168,new_deaths_per_million,icu_patients_per_million,0.4626303958024304
169,new_deaths_per_million,hosp_patients_per_million,0.21885653098972005
170,new_deaths_per_million,weekly_icu_admissions_per_million,0.264910834655417
171,new_deaths_per_million,weekly_hosp_admissions_per_million,0.35406967054862154
172,new_deaths_per_million,new_tests,0.017637309593691617
173,new_deaths_per_million,total_tests,-0.021504197535267937
174,new_deaths_per_million,total_tests_per_thousand,-0.04555091937224986
175,new_deaths_per_million,new_tests_per_thousand,-0.026367893658675822
176,new_deaths_per_million,new_tests_smoothed,0.0008038385892661294
177,new_deaths_per_million,new_tests_smoothed_per_thousand,-0.03139483365747501
178,new_deaths_per_million,positive_rate,0.30608912069887045
179,new_deaths_per_million,tests_per_case,-0.04787493321780283
180,new_deaths_per_million,new_vaccinations,-0.04292863285914578
181,new_deaths_per_million,total_vaccinations_per_hundred,0.03561159020316666
182,new_deaths_per_million,people_vaccinated_per_hundred,0.040420411949716434
183,new_deaths_per_million,people_fully_vaccinated_per_hundred,0.04362348601264386
184,new_deaths_per_million,total_boosters_per_hundred,-0.2144390069655861
185,new_deaths_per_million,new_vaccinations_smoothed_per_million,0.029056462351883625
186,new_deaths_per_million,stringency_index,0.01963150766811581
187,new_deaths_per_million,population,-0.0338263241524132
188,new_deaths_per_million,population_density,0.20368751530378393
189,new_deaths_per_million,median_age,0.19914177110750134
190,new_deaths_per_million,aged_65_older,0.18593056196316046
191,new_deaths_per_million,aged_70_older,0.18606480486060872
192,new_deaths_per_million,gdp_per_capita,0.0596517860088766
193,new_deaths_per_million,extreme_poverty,-0.23614605556306226
194,new_deaths_per_million,cardiovasc_death_rate,-0.04979836984054375
195,new_deaths_per_million,diabetes_prevalence,0.09400918277545749
196,new_deaths_per_million,female_smokers,0.16225005873896606
197,new_deaths_per_million,male_smokers,-0.008325455685525479
198,new_deaths_per_million,handwashing_facilities,0.39629890952283
199,new_deaths_per_million,hospital_beds_per_thousand,0.2117222516165387
200,new_deaths_per_million,life_expectancy,0.1720575994210361
201,new_deaths_per_million,human_development_index,0.1829437736541238
202,new_deaths_per_million,excess_mortality_cumulative_absolute,-0.014078555623679781
203,new_deaths_per_million,excess_mortality,0.9180418322286136
204,new_deaths_per_million,excess_mortality_cumulative_per_million,-0.029908168373412296
205,new_deaths_smoothed_per_million,reproduction_rate,0.14898035180721578
206,new_deaths_smoothed_per_million,icu_patients_per_million,0.7692846290937086
207,new_deaths_smoothed_per_million,hosp_patients_per_million,0.643454230305282
208,new_deaths_smoothed_per_million,weekly_icu_admissions_per_million,0.4552923815603557
209,new_deaths_smoothed_per_million,weekly_hosp_admissions_per_million,0.6209295231219878
210,new_deaths_smoothed_per_million,new_tests,0.005258715447990957
211,new_deaths_smoothed_per_million,total_tests,-0.01586025145657382
212,new_deaths_smoothed_per_million,total_tests_per_thousand,-0.08918890787876046
213,new_deaths_smoothed_per_million,new_tests_per_thousand,-0.01675935805183012
214,new_deaths_smoothed_per_million,new_tests_smoothed,0.006970513232402245
215,new_deaths_smoothed_per_million,new_tests_smoothed_per_thousand,-0.010952539659680929
216,new_deaths_smoothed_per_million,positive_rate,0.5232263568406191
217,new_deaths_smoothed_per_million,tests_per_case,-0.10315023589390206
218,new_deaths_smoothed_per_million,new_vaccinations,-0.08744911797144946
219,new_deaths_smoothed_per_million,total_vaccinations_per_hundred,-0.025144245298733044
220,new_deaths_smoothed_per_million,people_vaccinated_per_hundred,-0.012089784031048668
221,new_deaths_smoothed_per_million,people_fully_vaccinated_per_hundred,-0.014289479805625203
222,new_deaths_smoothed_per_million,total_boosters_per_hundred,-0.20098057213834977
223,new_deaths_smoothed_per_million,new_vaccinations_smoothed_per_million,0.057578955463323755
224,new_deaths_smoothed_per_million,stringency_index,0.08799419068263459
225,new_deaths_smoothed_per_million,population,-0.05507351934413223
226,new_deaths_smoothed_per_million,population_density,0.0423529582965151
227,new_deaths_smoothed_per_million,median_age,0.2399399393691476
228,new_deaths_smoothed_per_million,aged_65_older,0.19889073624102158
229,new_deaths_smoothed_per_million,aged_70_older,0.1944069431919053
230,new_deaths_smoothed_per_million,gdp_per_capita,0.006719907624019754
231,new_deaths_smoothed_per_million,extreme_poverty,-0.20986322281450273
232,new_deaths_smoothed_per_million,cardiovasc_death_rate,0.027130557058953234
233,new_deaths_smoothed_per_million,diabetes_prevalence,0.15245085445760495
234,new_deaths_smoothed_per_million,female_smokers,0.21216156400780556
235,new_deaths_smoothed_per_million,male_smokers,0.1859637038673324
236,new_deaths_smoothed_per_million,handwashing_facilities,0.36667241684347646
237,new_deaths_smoothed_per_million,hospital_beds_per_thousand,0.2182316105429398
238,new_deaths_smoothed_per_million,life_expectancy,0.12378566024390966
239,new_deaths_smoothed_per_million,human_development_index,0.19912657120024324
240,new_deaths_smoothed_per_million,excess_mortality_cumulative_absolute,-0.16472913769675518
241,new_deaths_smoothed_per_million,excess_mortality,0.7893447482122365
242,new_deaths_smoothed_per_million,excess_mortality_cumulative_per_million,-0.035434017390153796
243,reproduction_rate,icu_patients_per_million,0.18009455367525082
244,reproduction_rate,hosp_patients_per_million,0.17878673981681603
245,reproduction_rate,weekly_icu_admissions_per_million,0.13508495155911465
246,reproduction_rate,weekly_hosp_admissions_per_million,0.24800848688165777
247,reproduction_rate,new_tests,-0.0022829863417810985
248,reproduction_rate,total_tests,-0.007274995197709489
249,reproduction_rate,total_tests_per_thousand,0.033586533227088204
250,reproduction_rate,new_tests_per_thousand,0.005529504287049028
251,reproduction_rate,new_tests_smoothed,-0.010811132305385798
252,reproduction_rate,new_tests_smoothed_per_thousand,-0.007349408079112174
253,reproduction_rate,positive_rate,0.24111217518094177
254,reproduction_rate,tests_per_case,-0.2806302625054158
255,reproduction_rate,new_vaccinations,-0.03506071662046893
256,reproduction_rate,total_vaccinations_per_hundred,0.10315952682026912
257,reproduction_rate,people_vaccinated_per_hundred,0.10212580390759082
258,reproduction_rate,people_fully_vaccinated_per_hundred,0.10663523114558734
259,reproduction_rate,total_boosters_per_hundred,-0.09192968758696414
260,reproduction_rate,new_vaccinations_smoothed_per_million,-0.004739598002801955
261,reproduction_rate,stringency_index,0.13732282650298555
262,reproduction_rate,population,-0.0021448851799930795
263,reproduction_rate,population_density,-0.06260671375953533
264,reproduction_rate,median_age,0.3195262078622069
265,reproduction_rate,aged_65_older,0.2988795468116964
266,reproduction_rate,aged_70_older,0.28664883001483576
267,reproduction_rate,gdp_per_capita,0.2097506770205767
268,reproduction_rate,extreme_poverty,-0.37690073256364015
269,reproduction_rate,cardiovasc_death_rate,-0.06010269691839073
270,reproduction_rate,diabetes_prevalence,0.09524172756269016
271,reproduction_rate,female_smokers,0.36281717879450776
272,reproduction_rate,male_smokers,-0.021030454893748534
273,reproduction_rate,handwashing_facilities,0.259976393003368
274,reproduction_rate,hospital_beds_per_thousand,0.18405405084431967
275,reproduction_rate,life_expectancy,0.21826638055013498
276,reproduction_rate,human_development_index,0.29176779553194987
277,reproduction_rate,excess_mortality_cumulative_absolute,-0.3745601542324689
278,reproduction_rate,excess_mortality,-0.10604896816611177
279,reproduction_rate,excess_mortality_cumulative_per_million,-0.0948231867432757
280,icu_patients_per_million,hosp_patients_per_million,0.7699367722707078
281,icu_patients_per_million,weekly_icu_admissions_per_million,0.669014220419536
282,icu_patients_per_million,weekly_hosp_admissions_per_million,0.8076671218129853
283,icu_patients_per_million,new_tests,0.42737513337629923
284,icu_patients_per_million,total_tests,0.28445472532453026
285,icu_patients_per_million,total_tests_per_thousand,-0.20660274271141035
286,icu_patients_per_million,new_tests_per_thousand,0.06831626703769994
287,icu_patients_per_million,new_tests_smoothed,0.2859098687021184
288,icu_patients_per_million,new_tests_smoothed_per_thousand,-0.040390306524326104
289,icu_patients_per_million,positive_rate,0.7155671432667771
290,icu_patients_per_million,tests_per_case,-0.15803869475041457
291,icu_patients_per_million,new_vaccinations,0.39550778738944525
292,icu_patients_per_million,total_vaccinations_per_hundred,-0.4608333730543646
293,icu_patients_per_million,people_vaccinated_per_hundred,-0.3021051228515592
294,icu_patients_per_million,people_fully_vaccinated_per_hundred,-0.46053963312450974
295,icu_patients_per_million,total_boosters_per_hundred,0.14680484783951406
296,icu_patients_per_million,new_vaccinations_smoothed_per_million,-0.05615388457974674
297,icu_patients_per_million,stringency_index,0.2903200945108001
298,icu_patients_per_million,population,0.34501803797096153
299,icu_patients_per_million,population_density,-0.16628147589419054
300,icu_patients_per_million,median_age,0.07688802192066727
301,icu_patients_per_million,aged_65_older,0.06600311544083204
302,icu_patients_per_million,aged_70_older,0.06138372399434486
303,icu_patients_per_million,gdp_per_capita,-0.24622155421581104
304,icu_patients_per_million,extreme_poverty,0.6589508652386751
305,icu_patients_per_million,cardiovasc_death_rate,0.505151679815195
306,icu_patients_per_million,diabetes_prevalence,0.3230229615847036
307,icu_patients_per_million,female_smokers,0.28240420606985445
308,icu_patients_per_million,male_smokers,0.2769564945089356
309,icu_patients_per_million,handwashing_facilities,
310,icu_patients_per_million,hospital_beds_per_thousand,0.43173548036933496
311,icu_patients_per_million,life_expectancy,-0.5196988247703231
312,icu_patients_per_million,human_development_index,-0.24582563828833848
313,icu_patients_per_million,excess_mortality_cumulative_absolute,0.27828166258680526
314,icu_patients_per_million,excess_mortality,0.8539416486066473
315,icu_patients_per_million,excess_mortality_cumulative_per_million,0.9904154554573426
316,hosp_patients_per_million,weekly_icu_admissions_per_million,0.6292335161982405
317,hosp_patients_per_million,weekly_hosp_admissions_per_million,0.8700820106010336
318,hosp_patients_per_million,new_tests,0.2872402380896179
319,hosp_patients_per_million,total_tests,0.06483953660030968
320,hosp_patients_per_million,total_tests_per_thousand,-0.14577747344794295
321,hosp_patients_per_million,new_tests_per_thousand,0.09011723172333168
322,hosp_patients_per_million,new_tests_smoothed,0.08300313974126555
323,hosp_patients_per_million,new_tests_smoothed_per_thousand,-0.02059710772556904
324,hosp_patients_per_million,positive_rate,0.5293287375556501
325,hosp_patients_per_million,tests_per_case,-0.1268318329690034
326,hosp_patients_per_million,new_vaccinations,0.040497876615039216
327,hosp_patients_per_million,total_vaccinations_per_hundred,-0.6926627814595735
328,hosp_patients_per_million,people_vaccinated_per_hundred,-0.35640818746042346
329,hosp_patients_per_million,people_fully_vaccinated_per_hundred,-0.6969991508114898
330,hosp_patients_per_million,total_boosters_per_hundred,-0.19724306709937353
331,hosp_patients_per_million,new_vaccinations_smoothed_per_million,-0.06315162569397506
332,hosp_patients_per_million,stringency_index,0.060071553329081685
333,hosp_patients_per_million,population,0.08321566685017738
334,hosp_patients_per_million,population_density,-0.1982634872295798
335,hosp_patients_per_million,median_age,0.17282062233553522
336,hosp_patients_per_million,aged_65_older,0.1877177901178937
337,hosp_patients_per_million,aged_70_older,0.190552153110354
338,hosp_patients_per_million,gdp_per_capita,-0.3905898957804335
339,hosp_patients_per_million,extreme_poverty,0.5006142364237325
340,hosp_patients_per_million,cardiovasc_death_rate,0.6877095801596103
341,hosp_patients_per_million,diabetes_prevalence,-0.039123387031895274
342,hosp_patients_per_million,female_smokers,0.3074120655809218
343,hosp_patients_per_million,male_smokers,0.4343764596590941
344,hosp_patients_per_million,handwashing_facilities,
345,hosp_patients_per_million,hospital_beds_per_thousand,0.4167277174538341
346,hosp_patients_per_million,life_expectancy,-0.6177604843874289
347,hosp_patients_per_million,human_development_index,-0.5789644038623668
348,hosp_patients_per_million,excess_mortality_cumulative_absolute,-0.38161507617015644
349,hosp_patients_per_million,excess_mortality,0.9920391755551063
350,hosp_patients_per_million,excess_mortality_cumulative_per_million,0.6879679851592192
351,weekly_icu_admissions_per_million,weekly_hosp_admissions_per_million,0.8516784029730246
352,weekly_icu_admissions_per_million,new_tests,-0.020818582405331784
353,weekly_icu_admissions_per_million,total_tests,-0.2353042570681761
354,weekly_icu_admissions_per_million,total_tests_per_thousand,0.019749808326777196
355,weekly_icu_admissions_per_million,new_tests_per_thousand,0.20119056358889134
356,weekly_icu_admissions_per_million,new_tests_smoothed,-0.012352344048269726
357,weekly_icu_admissions_per_million,new_tests_smoothed_per_thousand,0.2276460127771765
358,weekly_icu_admissions_per_million,positive_rate,0.343958193936247
359,weekly_icu_admissions_per_million,tests_per_case,0.033473682221631024
360,weekly_icu_admissions_per_million,new_vaccinations,-0.041834641477941
361,weekly_icu_admissions_per_million,total_vaccinations_per_hundred,-0.11762160229847851
362,weekly_icu_admissions_per_million,people_vaccinated_per_hundred,-0.3569244773242989
363,weekly_icu_admissions_per_million,people_fully_vaccinated_per_hundred,-0.3467325979921851
364,weekly_icu_admissions_per_million,total_boosters_per_hundred,0.6765227453791662
365,weekly_icu_admissions_per_million,new_vaccinations_smoothed_per_million,0.7057877007354789
366,weekly_icu_admissions_per_million,stringency_index,0.20053254205173007
367,weekly_icu_admissions_per_million,population,-0.29886193165665664
368,weekly_icu_admissions_per_million,population_density,0.1284315964109914
369,weekly_icu_admissions_per_million,median_age,-0.22521871491789472
370,weekly_icu_admissions_per_million,aged_65_older,-0.11752487378913366
371,weekly_icu_admissions_per_million,aged_70_older,0.021456342203134682
372,weekly_icu_admissions_per_million,gdp_per_capita,-0.4822117184187193
373,weekly_icu_admissions_per_million,extreme_poverty,0.07895908660203203
374,weekly_icu_admissions_per_million,cardiovasc_death_rate,0.38631685610687894
375,weekly_icu_admissions_per_million,diabetes_prevalence,0.03162572757167954
376,weekly_icu_admissions_per_million,female_smokers,-0.22144766281634853
377,weekly_icu_admissions_per_million,male_smokers,0.403930457427707
378,weekly_icu_admissions_per_million,handwashing_facilities,
379,weekly_icu_admissions_per_million,hospital_beds_per_thousand,0.2252249857077926
380,weekly_icu_admissions_per_million,life_expectancy,-0.4411560674601522
381,weekly_icu_admissions_per_million,human_development_index,-0.35882227779601594
382,weekly_icu_admissions_per_million,excess_mortality_cumulative_absolute,-1.0
383,weekly_icu_admissions_per_million,excess_mortality,0.9999999999999999
384,weekly_icu_admissions_per_million,excess_mortality_cumulative_per_million,1.0000000000000004
385,weekly_hosp_admissions_per_million,new_tests,0.37812596358229084
386,weekly_hosp_admissions_per_million,total_tests,0.4748862195366851
387,weekly_hosp_admissions_per_million,total_tests_per_thousand,-0.1394291407234939
388,weekly_hosp_admissions_per_million,new_tests_per_thousand,0.020365883490197533
389,weekly_hosp_admissions_per_million,new_tests_smoothed,0.4554755934622765
390,weekly_hosp_admissions_per_million,new_tests_smoothed_per_thousand,0.0376473844811642
391,weekly_hosp_admissions_per_million,positive_rate,0.6916217456942357
392,weekly_hosp_admissions_per_million,tests_per_case,-0.21554541299155225
393,weekly_hosp_admissions_per_million,new_vaccinations,0.3048053381115565
394,weekly_hosp_admissions_per_million,total_vaccinations_per_hundred,-0.39448583744529525
395,weekly_hosp_admissions_per_million,people_vaccinated_per_hundred,-0.4399641055693078
396,weekly_hosp_admissions_per_million,people_fully_vaccinated_per_hundred,-0.5122476640400944
397,weekly_hosp_admissions_per_million,total_boosters_per_hundred,0.11322700203407825
398,weekly_hosp_admissions_per_million,new_vaccinations_smoothed_per_million,0.36291762128883887
399,weekly_hosp_admissions_per_million,stringency_index,-0.052975959178607944
400,weekly_hosp_admissions_per_million,population,0.3448678318479029
401,weekly_hosp_admissions_per_million,population_density,-0.23391551606085348
402,weekly_hosp_admissions_per_million,median_age,-0.090304080529871
403,weekly_hosp_admissions_per_million,aged_65_older,-0.009877855838157189
404,weekly_hosp_admissions_per_million,aged_70_older,0.11519711428306023
405,weekly_hosp_admissions_per_million,gdp_per_capita,-0.23572656177696333
406,weekly_hosp_admissions_per_million,extreme_poverty,0.20304581586331164
407,weekly_hosp_admissions_per_million,cardiovasc_death_rate,0.5227556886831578
408,weekly_hosp_admissions_per_million,diabetes_prevalence,-0.020844390687878984
409,weekly_hosp_admissions_per_million,female_smokers,-0.04053103586983068
410,weekly_hosp_admissions_per_million,male_smokers,0.3127320497831413
411,weekly_hosp_admissions_per_million,handwashing_facilities,
412,weekly_hosp_admissions_per_million,hospital_beds_per_thousand,0.11392758811818567
413,weekly_hosp_admissions_per_million,life_expectancy,-0.6174971501423773
414,weekly_hosp_admissions_per_million,human_development_index,-0.17484095733297073
415,weekly_hosp_admissions_per_million,excess_mortality_cumulative_absolute,-0.41470946095218136
416,weekly_hosp_admissions_per_million,excess_mortality,0.9868509055098386
417,weekly_hosp_admissions_per_million,excess_mortality_cumulative_per_million,0.6613408069814509
418,new_tests,total_tests,0.9448950441369209
419,new_tests,total_tests_per_thousand,0.20021579463359868
420,new_tests,new_tests_per_thousand,0.23255980793304176
421,new_tests,new_tests_smoothed,0.9768625432777552
422,new_tests,new_tests_smoothed_per_thousand,0.24063277153818052
423,new_tests,positive_rate,-0.1477580385238112
424,new_tests,tests_per_case,-0.024805940039723744
425,new_tests,new_vaccinations,0.546043378734335
426,new_tests,total_vaccinations_per_hundred,0.18579727967214615
427,new_tests,people_vaccinated_per_hundred,0.20518887888127565
428,new_tests,people_fully_vaccinated_per_hundred,0.16062678986176332
429,new_tests,total_boosters_per_hundred,-0.1799731607327206
430,new_tests,new_vaccinations_smoothed_per_million,-0.018515839847891888
431,new_tests,stringency_index,0.1794580388454162
432,new_tests,population,0.6439102188048452
433,new_tests,population_density,0.0006920297219483692
434,new_tests,median_age,0.17313875384170863
435,new_tests,aged_65_older,0.1753412542683164
436,new_tests,aged_70_older,0.1810380743538942
437,new_tests,gdp_per_capita,0.16778014025146687
438,new_tests,extreme_poverty,-0.07448312661090019
439,new_tests,cardiovasc_death_rate,-0.12258705896256197
440,new_tests,diabetes_prevalence,0.06410784300192372
441,new_tests,female_smokers,0.13539946143304973
442,new_tests,male_smokers,-0.03761281671657721
443,new_tests,handwashing_facilities,0.03805190695531258
444,new_tests,hospital_beds_per_thousand,-0.012681876795681219
445,new_tests,life_expectancy,0.1519078655311169
446,new_tests,human_development_index,0.1871588304343844
447,new_tests,excess_mortality_cumulative_absolute,-0.3214103526351441
448,new_tests,excess_mortality,-0.9175726129293977
449,new_tests,excess_mortality_cumulative_per_million,-0.3448991876326513
450,total_tests,total_tests_per_thousand,0.11714252208724685
451,total_tests,new_tests_per_thousand,0.08249998873277327
452,total_tests,new_tests_smoothed,0.983537478007891
453,total_tests,new_tests_smoothed_per_thousand,0.1015191990642735
454,total_tests,positive_rate,-0.10048606209832851
455,total_tests,tests_per_case,-0.014467775579946763
456,total_tests,new_vaccinations,0.6456568323511339
457,total_tests,total_vaccinations_per_hundred,0.11093350959288288
458,total_tests,people_vaccinated_per_hundred,0.1325724087980476
459,total_tests,people_fully_vaccinated_per_hundred,0.0904308189877612
460,total_tests,total_boosters_per_hundred,-0.22254970184970124
461,total_tests,new_vaccinations_smoothed_per_million,-0.020832606967567308
462,total_tests,stringency_index,0.12933059001686667
463,total_tests,population,0.752700368844029
464,total_tests,population_density,-0.006177804146753623
465,total_tests,median_age,0.11645097795829552
466,total_tests,aged_65_older,0.11787735328643588
467,total_tests,aged_70_older,0.11750483111313184
468,total_tests,gdp_per_capita,0.12985477186983319
469,total_tests,extreme_poverty,-0.04853662007004063
470,total_tests,cardiovasc_death_rate,-0.04652609712550613
471,total_tests,diabetes_prevalence,0.09883642569586522
472,total_tests,female_smokers,0.07605932748425312
473,total_tests,male_smokers,-0.07376183334696558
474,total_tests,handwashing_facilities,0.02647127861445061
475,total_tests,hospital_beds_per_thousand,-0.025747912647705675
476,total_tests,life_expectancy,0.07708435373219538
477,total_tests,human_development_index,0.13075540415971507
478,total_tests,excess_mortality_cumulative_absolute,-0.40957641898995406
479,total_tests,excess_mortality,-0.676912318879892
480,total_tests,excess_mortality_cumulative_per_million,-0.588292632335773
481,total_tests_per_thousand,new_tests_per_thousand,0.8453515474812909
482,total_tests_per_thousand,new_tests_smoothed,0.1463565068775134
483,total_tests_per_thousand,new_tests_smoothed_per_thousand,0.8797804985549651
484,total_tests_per_thousand,positive_rate,-0.24717424396743726
485,total_tests_per_thousand,tests_per_case,0.12236808832186657
486,total_tests_per_thousand,new_vaccinations,-0.13846539708955602
487,total_tests_per_thousand,total_vaccinations_per_hundred,0.43585411383231865
488,total_tests_per_thousand,people_vaccinated_per_hundred,0.3867364552117895
489,total_tests_per_thousand,people_fully_vaccinated_per_hundred,0.4482852738469053
490,total_tests_per_thousand,total_boosters_per_hundred,-0.1608801339962086
491,total_tests_per_thousand,new_vaccinations_smoothed_per_million,-0.18277799228421693
492,total_tests_per_thousand,stringency_index,-0.18637132519356603
493,total_tests_per_thousand,population,-0.10466402837034038
494,total_tests_per_thousand,population_density,0.15178197785620334
495,total_tests_per_thousand,median_age,0.3290745125148912
496,total_tests_per_thousand,aged_65_older,0.2551317134762739
497,total_tests_per_thousand,aged_70_older,0.25349314356523567
498,total_tests_per_thousand,gdp_per_capita,0.43030812400962065
499,total_tests_per_thousand,extreme_poverty,-0.2875612116138134
500,total_tests_per_thousand,cardiovasc_death_rate,-0.18710322732429396
501,total_tests_per_thousand,diabetes_prevalence,0.1285166713685991
502,total_tests_per_thousand,female_smokers,0.2852616464536412
503,total_tests_per_thousand,male_smokers,0.11472435096762111
504,total_tests_per_thousand,handwashing_facilities,0.4494059847521546
505,total_tests_per_thousand,hospital_beds_per_thousand,0.10935664831616608
506,total_tests_per_thousand,life_expectancy,0.37475794098696946
507,total_tests_per_thousand,human_development_index,0.4262761185936198
508,total_tests_per_thousand,excess_mortality_cumulative_absolute,-0.4795872168582011
509,total_tests_per_thousand,excess_mortality,-0.22447971891818025
510,total_tests_per_thousand,excess_mortality_cumulative_per_million,-0.6303553364329573
511,new_tests_per_thousand,new_tests_smoothed,0.16054731323611862
512,new_tests_per_thousand,new_tests_smoothed_per_thousand,0.9793262561953219
513,new_tests_per_thousand,positive_rate,-0.21732867497245267
514,new_tests_per_thousand,tests_per_case,0.08183201240662957
515,new_tests_per_thousand,new_vaccinations,-0.1045524675362787
516,new_tests_per_thousand,total_vaccinations_per_hundred,0.30370547865965974
517,new_tests_per_thousand,people_vaccinated_per_hundred,0.2541266720659863
518,new_tests_per_thousand,people_fully_vaccinated_per_hundred,0.30884099479605265
519,new_tests_per_thousand,total_boosters_per_hundred,-0.06427370461488761
520,new_tests_per_thousand,new_vaccinations_smoothed_per_million,-0.13985524982782682
521,new_tests_per_thousand,stringency_index,-0.04147771938717073
522,new_tests_per_thousand,population,-0.0831596071372609
523,new_tests_per_thousand,population_density,0.03089094951201006
524,new_tests_per_thousand,median_age,0.21812170670811964
525,new_tests_per_thousand,aged_65_older,0.1565725739728224
526,new_tests_per_thousand,aged_70_older,0.17447688861029054
527,new_tests_per_thousand,gdp_per_capita,0.2557105582762007
528,new_tests_per_thousand,extreme_poverty,-0.21751765979872162
529,new_tests_per_thousand,cardiovasc_death_rate,-0.13504192901785073
530,new_tests_per_thousand,diabetes_prevalence,0.1438656557615689
531,new_tests_per_thousand,female_smokers,0.23634256821625513
532,new_tests_per_thousand,male_smokers,0.2146125120312602
533,new_tests_per_thousand,handwashing_facilities,0.3598748853353669
534,new_tests_per_thousand,hospital_beds_per_thousand,0.13542362547598472
535,new_tests_per_thousand,life_expectancy,0.24368935193671132
536,new_tests_per_thousand,human_development_index,0.28687374795765175
537,new_tests_per_thousand,excess_mortality_cumulative_absolute,-0.9591717625296851
538,new_tests_per_thousand,excess_mortality,0.14482496888043747
539,new_tests_per_thousand,excess_mortality_cumulative_per_million,-0.8997885351050746
540,new_tests_smoothed,new_tests_smoothed_per_thousand,0.17901063743327486
541,new_tests_smoothed,positive_rate,-0.12768642127292684
542,new_tests_smoothed,tests_per_case,-0.01977343240220057
543,new_tests_smoothed,new_vaccinations,0.6158405441197212
544,new_tests_smoothed,total_vaccinations_per_hundred,0.13685251747516008
545,new_tests_smoothed,people_vaccinated_per_hundred,0.15596937870047858
546,new_tests_smoothed,people_fully_vaccinated_per_hundred,0.11232588397625419
547,new_tests_smoothed,total_boosters_per_hundred,-0.20009538635161922
548,new_tests_smoothed,new_vaccinations_smoothed_per_million,-0.006255756151279376
549,new_tests_smoothed,stringency_index,0.17183835601500452
550,new_tests_smoothed,population,0.716680625299724
551,new_tests_smoothed,population_density,-0.011873567374945665
552,new_tests_smoothed,median_age,0.1430077429952455
553,new_tests_smoothed,aged_65_older,0.14165852391275446
554,new_tests_smoothed,aged_70_older,0.14547457283448098
555,new_tests_smoothed,gdp_per_capita,0.141802892738185
556,new_tests_smoothed,extreme_poverty,-0.061669851054914
557,new_tests_smoothed,cardiovasc_death_rate,-0.06883910146938545
558,new_tests_smoothed,diabetes_prevalence,0.07568375543326333
559,new_tests_smoothed,female_smokers,0.10797036931581064
560,new_tests_smoothed,male_smokers,-0.024945274333976815
561,new_tests_smoothed,handwashing_facilities,0.035809304876274366
562,new_tests_smoothed,hospital_beds_per_thousand,-0.006279685379551442
563,new_tests_smoothed,life_expectancy,0.10922389290364065
564,new_tests_smoothed,human_development_index,0.15411642752795673
565,new_tests_smoothed,excess_mortality_cumulative_absolute,-0.24690735834688954
566,new_tests_smoothed,excess_mortality,-0.8928949045492403
567,new_tests_smoothed,excess_mortality_cumulative_per_million,-0.303812941091901
568,new_tests_smoothed_per_thousand,positive_rate,-0.22714722957628594
569,new_tests_smoothed_per_thousand,tests_per_case,0.07828220647164519
570,new_tests_smoothed_per_thousand,new_vaccinations,-0.11293389086781568
571,new_tests_smoothed_per_thousand,total_vaccinations_per_hundred,0.3480189396022973
572,new_tests_smoothed_per_thousand,people_vaccinated_per_hundred,0.30465400052262587
573,new_tests_smoothed_per_thousand,people_fully_vaccinated_per_hundred,0.35612989397212824
574,new_tests_smoothed_per_thousand,total_boosters_per_hundred,-0.06432127920310252
575,new_tests_smoothed_per_thousand,new_vaccinations_smoothed_per_million,-0.10857461934985056
576,new_tests_smoothed_per_thousand,stringency_index,-0.06944911237151007
577,new_tests_smoothed_per_thousand,population,-0.09050946393193453
578,new_tests_smoothed_per_thousand,population_density,0.11278294977362971
579,new_tests_smoothed_per_thousand,median_age,0.27100154221043143
580,new_tests_smoothed_per_thousand,aged_65_older,0.20128100156321233
581,new_tests_smoothed_per_thousand,aged_70_older,0.21164253022908996
582,new_tests_smoothed_per_thousand,gdp_per_capita,0.3074272433725161
583,new_tests_smoothed_per_thousand,extreme_poverty,-0.23937695541982718
584,new_tests_smoothed_per_thousand,cardiovasc_death_rate,-0.14406621606357733
585,new_tests_smoothed_per_thousand,diabetes_prevalence,0.1549161633488587
586,new_tests_smoothed_per_thousand,female_smokers,0.23773790374616624
587,new_tests_smoothed_per_thousand,male_smokers,0.1921245270546742
588,new_tests_smoothed_per_thousand,handwashing_facilities,0.481080589098018
589,new_tests_smoothed_per_thousand,hospital_beds_per_thousand,0.09700430791695475
590,new_tests_smoothed_per_thousand,life_expectancy,0.3059502293809916
591,new_tests_smoothed_per_thousand,human_development_index,0.34150866287341425
592,new_tests_smoothed_per_thousand,excess_mortality_cumulative_absolute,-0.6736570681481407
593,new_tests_smoothed_per_thousand,excess_mortality,-0.0503960597330924
594,new_tests_smoothed_per_thousand,excess_mortality_cumulative_per_million,-0.7026994608379034
595,positive_rate,tests_per_case,-0.15025685383479506
596,positive_rate,new_vaccinations,-0.06696458074551567
597,positive_rate,total_vaccinations_per_hundred,-0.2428210136533486
598,positive_rate,people_vaccinated_per_hundred,-0.241717510199323
599,positive_rate,people_fully_vaccinated_per_hundred,-0.25500007071395936
600,positive_rate,total_boosters_per_hundred,-0.10261265012029983
601,positive_rate,new_vaccinations_smoothed_per_million,0.056773738350727875
602,positive_rate,stringency_index,0.08722276837889847
603,positive_rate,population,-0.06789951845415769
604,positive_rate,population_density,-0.13095840575608184
605,positive_rate,median_age,-0.018298165552804595
606,positive_rate,aged_65_older,-0.03287867470851127
607,positive_rate,aged_70_older,-0.07321375828993106
608,positive_rate,gdp_per_capita,-0.2597895038716149
609,positive_rate,extreme_poverty,-0.17492921143818688
610,positive_rate,cardiovasc_death_rate,0.3239932899251919
611,positive_rate,diabetes_prevalence,0.16088606175093872
612,positive_rate,female_smokers,0.026036453830829413
613,positive_rate,male_smokers,0.06593165844489655
614,positive_rate,handwashing_facilities,0.44944253374981286
615,positive_rate,hospital_beds_per_thousand,0.039155798659365706
616,positive_rate,life_expectancy,-0.09085277559440393
617,positive_rate,human_development_index,-0.09042496597244054
618,positive_rate,excess_mortality_cumulative_absolute,-0.2035963094311645
619,positive_rate,excess_mortality,0.8723639532642607
620,positive_rate,excess_mortality_cumulative_per_million,-0.024744796557495764
621,tests_per_case,new_vaccinations,-0.03706908099330717
622,tests_per_case,total_vaccinations_per_hundred,0.10575264406313373
623,tests_per_case,people_vaccinated_per_hundred,0.10562322122086232
624,tests_per_case,people_fully_vaccinated_per_hundred,0.10206988800794821
625,tests_per_case,total_boosters_per_hundred,-0.10386408827033625
626,tests_per_case,new_vaccinations_smoothed_per_million,-0.002828045149010561
627,tests_per_case,stringency_index,0.03195919700947226
628,tests_per_case,population,-0.0409547115632009
629,tests_per_case,population_density,0.5824801045420356
630,tests_per_case,median_age,0.1109778845830771
631,tests_per_case,aged_65_older,0.027077488478406856
632,tests_per_case,aged_70_older,0.020784517636741943
633,tests_per_case,gdp_per_capita,0.16667061698652527
634,tests_per_case,extreme_poverty,-0.036599820076070974
635,tests_per_case,cardiovasc_death_rate,-0.05952322101134154
636,tests_per_case,diabetes_prevalence,0.09965416639003699
637,tests_per_case,female_smokers,-0.13431600690287127
638,tests_per_case,male_smokers,-0.0333515803033147
639,tests_per_case,handwashing_facilities,0.09427896144289498
640,tests_per_case,hospital_beds_per_thousand,-0.09455410608323046
641,tests_per_case,life_expectancy,0.13002642583823004
642,tests_per_case,human_development_index,0.10166177023989645
643,tests_per_case,excess_mortality_cumulative_absolute,-0.1950564616026046
644,tests_per_case,excess_mortality,-0.8566760998243308
645,tests_per_case,excess_mortality_cumulative_per_million,-0.317534358105711
646,new_vaccinations,total_vaccinations_per_hundred,-0.041137817495034916
647,new_vaccinations,people_vaccinated_per_hundred,-0.02536014702857055
648,new_vaccinations,people_fully_vaccinated_per_hundred,-0.06928638102703677
649,new_vaccinations,total_boosters_per_hundred,-0.16070555214375862
650,new_vaccinations,new_vaccinations_smoothed_per_million,0.036279188565807294
651,new_vaccinations,stringency_index,0.20316101646866075
652,new_vaccinations,population,0.9626400245353349
653,new_vaccinations,population_density,-0.029290521165925777
654,new_vaccinations,median_age,-0.05964832223645463
655,new_vaccinations,aged_65_older,-0.060786009794316316
656,new_vaccinations,aged_70_older,-0.06380649214415178
657,new_vaccinations,gdp_per_capita,-0.07433747926592091
658,new_vaccinations,extreme_poverty,0.042093514955691844
659,new_vaccinations,cardiovasc_death_rate,0.011051967139435166
660,new_vaccinations,diabetes_prevalence,0.026300836221036086
661,new_vaccinations,female_smokers,-0.11460040273181743
662,new_vaccinations,male_smokers,-0.0005684656955174013
663,new_vaccinations,handwashing_facilities,-0.006540262364904414
664,new_vaccinations,hospital_beds_per_thousand,-0.049777161175403525
665,new_vaccinations,life_expectancy,-0.0819401941465119
666,new_vaccinations,human_development_index,-0.07699616904740529
667,new_vaccinations,excess_mortality_cumulative_absolute,0.9543078433543428
668,new_vaccinations,excess_mortality,-0.09959662208490597
669,new_vaccinations,excess_mortality_cumulative_per_million,0.9370882223252365
670,total_vaccinations_per_hundred,people_vaccinated_per_hundred,0.9851943576717458
671,total_vaccinations_per_hundred,people_fully_vaccinated_per_hundred,0.9776708623005433
672,total_vaccinations_per_hundred,total_boosters_per_hundred,0.4269713405440973
673,total_vaccinations_per_hundred,new_vaccinations_smoothed_per_million,0.18097460153578562
674,total_vaccinations_per_hundred,stringency_index,0.09778902775841844
675,total_vaccinations_per_hundred,population,0.008999626880451257
676,total_vaccinations_per_hundred,population_density,0.14528663384052648
677,total_vaccinations_per_hundred,median_age,0.707025356294339
678,total_vaccinations_per_hundred,aged_65_older,0.588225570749528
679,total_vaccinations_per_hundred,aged_70_older,0.5707618050843934
680,total_vaccinations_per_hundred,gdp_per_capita,0.6959256747125654
681,total_vaccinations_per_hundred,extreme_poverty,-0.6193984609058827
682,total_vaccinations_per_hundred,cardiovasc_death_rate,-0.491716439817736
683,total_vaccinations_per_hundred,diabetes_prevalence,0.19407834827581746
684,total_vaccinations_per_hundred,female_smokers,0.3634021224016501
685,total_vaccinations_per_hundred,male_smokers,-0.059402310862217915
686,total_vaccinations_per_hundred,handwashing_facilities,0.6172048898279806
687,total_vaccinations_per_hundred,hospital_beds_per_thousand,0.28224157423103197
688,total_vaccinations_per_hundred,life_expectancy,0.7841444111134955
689,total_vaccinations_per_hundred,human_development_index,0.8007827725042733
690,total_vaccinations_per_hundred,excess_mortality_cumulative_absolute,-0.5347852855205061
691,total_vaccinations_per_hundred,excess_mortality,-0.8945982142458478
692,total_vaccinations_per_hundred,excess_mortality_cumulative_per_million,-0.434450276957749
693,people_vaccinated_per_hundred,people_fully_vaccinated_per_hundred,0.9601471245343249
694,people_vaccinated_per_hundred,total_boosters_per_hundred,0.17844399927177335
695,people_vaccinated_per_hundred,new_vaccinations_smoothed_per_million,0.2705445864557458
696,people_vaccinated_per_hundred,stringency_index,0.11626431146762001
697,people_vaccinated_per_hundred,population,0.006933078567465279
698,people_vaccinated_per_hundred,population_density,0.13766884500536072
699,people_vaccinated_per_hundred,median_age,0.7202879543756656
700,people_vaccinated_per_hundred,aged_65_older,0.6076946728909913
701,people_vaccinated_per_hundred,aged_70_older,0.5929152674110181
702,people_vaccinated_per_hundred,gdp_per_capita,0.6837406479771627
703,people_vaccinated_per_hundred,extreme_poverty,-0.6371478673116644
704,people_vaccinated_per_hundred,cardiovasc_death_rate,-0.5191039084695612
705,people_vaccinated_per_hundred,diabetes_prevalence,0.16319526291359002
706,people_vaccinated_per_hundred,female_smokers,0.37547123127653054
707,people_vaccinated_per_hundred,male_smokers,-0.07987042236935823
708,people_vaccinated_per_hundred,handwashing_facilities,0.6221944330406399
709,people_vaccinated_per_hundred,hospital_beds_per_thousand,0.3044289500529968
710,people_vaccinated_per_hundred,life_expectancy,0.7926781803764695
711,people_vaccinated_per_hundred,human_development_index,0.8091921564976641
712,people_vaccinated_per_hundred,excess_mortality_cumulative_absolute,-0.5647258907763247
713,people_vaccinated_per_hundred,excess_mortality,-0.870477480930483
714,people_vaccinated_per_hundred,excess_mortality_cumulative_per_million,-0.46612428578267223
715,people_fully_vaccinated_per_hundred,total_boosters_per_hundred,0.20153918278003077
716,people_fully_vaccinated_per_hundred,new_vaccinations_smoothed_per_million,0.06275930501776092
717,people_fully_vaccinated_per_hundred,stringency_index,0.030231460639652593
718,people_fully_vaccinated_per_hundred,population,-0.0022098350916707897
719,people_fully_vaccinated_per_hundred,population_density,0.1568532470912768
720,people_fully_vaccinated_per_hundred,median_age,0.7276890450552754
721,people_fully_vaccinated_per_hundred,aged_65_older,0.6543598460466412
722,people_fully_vaccinated_per_hundred,aged_70_older,0.6321018834817509
723,people_fully_vaccinated_per_hundred,gdp_per_capita,0.7303689347884317
724,people_fully_vaccinated_per_hundred,extreme_poverty,-0.5920763658330507
725,people_fully_vaccinated_per_hundred,cardiovasc_death_rate,-0.4868314369443811
726,people_fully_vaccinated_per_hundred,diabetes_prevalence,0.1348358339525221
727,people_fully_vaccinated_per_hundred,female_smokers,0.41814235560901647
728,people_fully_vaccinated_per_hundred,male_smokers,-0.0642528517191272
729,people_fully_vaccinated_per_hundred,handwashing_facilities,0.5883605363636542
730,people_fully_vaccinated_per_hundred,hospital_beds_per_thousand,0.3202476700547936
731,people_fully_vaccinated_per_hundred,life_expectancy,0.7645930479591367
732,people_fully_vaccinated_per_hundred,human_development_index,0.806702676005153
733,people_fully_vaccinated_per_hundred,excess_mortality_cumulative_absolute,-0.5669738487716388
734,people_fully_vaccinated_per_hundred,excess_mortality,-0.8469282635413621
735,people_fully_vaccinated_per_hundred,excess_mortality_cumulative_per_million,-0.4715899659410152
736,total_boosters_per_hundred,new_vaccinations_smoothed_per_million,0.3798920763352147
737,total_boosters_per_hundred,stringency_index,0.11167829156781006
738,total_boosters_per_hundred,population,-0.1816218338702138
739,total_boosters_per_hundred,population_density,-0.1034813835474967
740,total_boosters_per_hundred,median_age,-0.23684757946921917
741,total_boosters_per_hundred,aged_65_older,-0.1451147408777277
742,total_boosters_per_hundred,aged_70_older,-0.1551788759285195
743,total_boosters_per_hundred,gdp_per_capita,-0.09962373514626136
744,total_boosters_per_hundred,extreme_poverty,-0.21577042921920112
745,total_boosters_per_hundred,cardiovasc_death_rate,-0.19360472062351328
746,total_boosters_per_hundred,diabetes_prevalence,0.035839947908750974
747,total_boosters_per_hundred,female_smokers,-0.002570535354974475
748,total_boosters_per_hundred,male_smokers,-0.13881168294823587
749,total_boosters_per_hundred,handwashing_facilities,-0.02026017096512652
750,total_boosters_per_hundred,hospital_beds_per_thousand,-0.26587881438321287
751,total_boosters_per_hundred,life_expectancy,0.1793314700802928
752,total_boosters_per_hundred,human_development_index,0.11153429207322964
753,total_boosters_per_hundred,excess_mortality_cumulative_absolute,-1.0000000000000002
754,total_boosters_per_hundred,excess_mortality,-1.0
755,total_boosters_per_hundred,excess_mortality_cumulative_per_million,1.0000000000000002
756,new_vaccinations_smoothed_per_million,stringency_index,0.3784243299347465
757,new_vaccinations_smoothed_per_million,population,-0.017752519605029618
758,new_vaccinations_smoothed_per_million,population_density,0.015007654566291027
759,new_vaccinations_smoothed_per_million,median_age,0.1279054261111729
760,new_vaccinations_smoothed_per_million,aged_65_older,-0.024019293067358605
761,new_vaccinations_smoothed_per_million,aged_70_older,-0.01983254267034811
762,new_vaccinations_smoothed_per_million,gdp_per_capita,0.06424475851906838
763,new_vaccinations_smoothed_per_million,extreme_poverty,-0.32309226428424204
764,new_vaccinations_smoothed_per_million,cardiovasc_death_rate,-0.12186685927511386
765,new_vaccinations_smoothed_per_million,diabetes_prevalence,0.24440717959663344
766,new_vaccinations_smoothed_per_million,female_smokers,-0.13875927616561068
767,new_vaccinations_smoothed_per_million,male_smokers,0.0909581421082848
768,new_vaccinations_smoothed_per_million,handwashing_facilities,0.4376122837079455
769,new_vaccinations_smoothed_per_million,hospital_beds_per_thousand,0.0013152767130581377
770,new_vaccinations_smoothed_per_million,life_expectancy,0.24004133295469932
771,new_vaccinations_smoothed_per_million,human_development_index,0.17964995914405474
772,new_vaccinations_smoothed_per_million,excess_mortality_cumulative_absolute,0.49474870499364876
773,new_vaccinations_smoothed_per_million,excess_mortality,0.20972777419755062
774,new_vaccinations_smoothed_per_million,excess_mortality_cumulative_per_million,0.32671571264935145
775,stringency_index,population,0.14854255076504488
776,stringency_index,population_density,0.033700891374723096
777,stringency_index,median_age,0.07185224939796939
778,stringency_index,aged_65_older,-0.041348451075112806
779,stringency_index,aged_70_older,-0.046448929191517295
780,stringency_index,gdp_per_capita,0.06310322597797066
781,stringency_index,extreme_poverty,-0.21454417422865946
782,stringency_index,cardiovasc_death_rate,-0.05581945185510964
783,stringency_index,diabetes_prevalence,0.13841230974013163
784,stringency_index,female_smokers,-0.20048543007669647
785,stringency_index,male_smokers,-0.053508038089394076
786,stringency_index,handwashing_facilities,0.38488938585562615
787,stringency_index,hospital_beds_per_thousand,-0.0556715463255795
788,stringency_index,life_expectancy,0.12712834068176784
789,stringency_index,human_development_index,0.1583667234262241
790,stringency_index,excess_mortality_cumulative_absolute,0.764574354748145
791,stringency_index,excess_mortality,0.06797310799880377
792,stringency_index,excess_mortality_cumulative_per_million,0.5700032346836496
793,population,population_density,-0.020056536819513977
794,population,median_age,0.012569967692603977
795,population,aged_65_older,7.453975731455135e-05
796,population,aged_70_older,-0.005312921057538849
797,population,gdp_per_capita,-0.02639294012541923
798,population,extreme_poverty,-0.02674849739129628
799,population,cardiovasc_death_rate,-0.0191893344540597
800,population,diabetes_prevalence,0.004251584698298426
801,population,female_smokers,-0.0628309992890522
802,population,male_smokers,0.016108522088749827
803,population,handwashing_facilities,0.038500294971917336
804,population,hospital_beds_per_thousand,-0.01888636534486951
805,population,life_expectancy,-0.012838737102379105
806,population,human_development_index,0.0024657127390491813
807,population,excess_mortality_cumulative_absolute,0.3813183860254808
808,population,excess_mortality,0.3862859827384494
809,population,excess_mortality_cumulative_per_million,0.12851141715239472
810,population_density,median_age,0.14859710848619337
811,population_density,aged_65_older,0.06257488786382936
812,population_density,aged_70_older,0.031046814110681234
813,population_density,gdp_per_capita,0.4102584972687355
814,population_density,extreme_poverty,-0.02843106114439848
815,population_density,cardiovasc_death_rate,-0.17494833029758491
816,population_density,diabetes_prevalence,0.007255817978812155
817,population_density,female_smokers,-0.061538860583487634
818,population_density,male_smokers,-0.0006663603002418714
819,population_density,handwashing_facilities,0.10151492635786559
820,population_density,hospital_beds_per_thousand,0.3142238159405275
821,population_density,life_expectancy,0.2350803513971739
822,population_density,human_development_index,0.17949644843548918
823,population_density,excess_mortality_cumulative_absolute,-0.30474999190964436
824,population_density,excess_mortality,-0.12375270755677355
825,population_density,excess_mortality_cumulative_per_million,-0.3450345700761561
826,median_age,aged_65_older,0.913602105626751
827,median_age,aged_70_older,0.897746486325281
828,median_age,gdp_per_capita,0.643336276419201
829,median_age,extreme_poverty,-0.6973516259891024
830,median_age,cardiovasc_death_rate,-0.3414675779135251
831,median_age,diabetes_prevalence,0.1367986278492107
832,median_age,female_smokers,0.6355067547744716
833,median_age,male_smokers,0.17400847459693594
834,median_age,handwashing_facilities,0.7849482682836735
835,median_age,hospital_beds_per_thousand,0.6624634834282128
836,median_age,life_expectancy,0.8454569570828865
837,median_age,human_development_index,0.8978487795290716
838,median_age,excess_mortality_cumulative_absolute,-0.9095152787485961
839,median_age,excess_mortality,0.15820963364660123
840,median_age,excess_mortality_cumulative_per_million,-0.894112814898255
841,aged_65_older,aged_70_older,0.9943969265464877
842,aged_65_older,gdp_per_capita,0.49303391041611094
843,aged_65_older,extreme_poverty,-0.5739790429005689
844,aged_65_older,cardiovasc_death_rate,-0.33706102659099224
845,aged_65_older,diabetes_prevalence,-0.06453570932797727
846,aged_65_older,female_smokers,0.7329948890502964
847,aged_65_older,male_smokers,0.08438000194451536
848,aged_65_older,handwashing_facilities,0.6408570556958525
849,aged_65_older,hospital_beds_per_thousand,0.6527654107990596
850,aged_65_older,life_expectancy,0.7293493335845528
851,aged_65_older,human_development_index,0.7814059084434
852,aged_65_older,excess_mortality_cumulative_absolute,-0.8243932026365598
853,aged_65_older,excess_mortality,0.011845518549975393
854,aged_65_older,excess_mortality_cumulative_per_million,-0.724987997941101
855,aged_70_older,gdp_per_capita,0.4779962418383261
856,aged_70_older,extreme_poverty,-0.5578517863824827
857,aged_70_older,cardiovasc_death_rate,-0.35173035320246937
858,aged_70_older,diabetes_prevalence,-0.09234957713369381
859,aged_70_older,female_smokers,0.7336141477437296
860,aged_70_older,male_smokers,0.08373587438338995
861,aged_70_older,handwashing_facilities,0.6365539515436457
862,aged_70_older,hospital_beds_per_thousand,0.6535088545175798
863,aged_70_older,life_expectancy,0.7154952783039354
864,aged_70_older,human_development_index,0.7696060491244919
865,aged_70_older,excess_mortality_cumulative_absolute,-0.8031405184358091
866,aged_70_older,excess_mortality,0.0719929653470323
867,aged_70_older,excess_mortality_cumulative_per_million,-0.6724025539525174
868,gdp_per_capita,extreme_poverty,-0.506953959250022
869,gdp_per_capita,cardiovasc_death_rate,-0.47753668844175196
870,gdp_per_capita,diabetes_prevalence,0.15334753437217416
871,gdp_per_capita,female_smokers,0.32777095681492924
872,gdp_per_capita,male_smokers,-0.10157968851548586
873,gdp_per_capita,handwashing_facilities,0.6458777554455962
874,gdp_per_capita,hospital_beds_per_thousand,0.2989803942379818
875,gdp_per_capita,life_expectancy,0.6828912796689226
876,gdp_per_capita,human_development_index,0.753032325409897
877,gdp_per_capita,excess_mortality_cumulative_absolute,-0.6763241054620642
878,gdp_per_capita,excess_mortality,-0.3458250571140662
879,gdp_per_capita,excess_mortality_cumulative_per_million,-0.6284762566066745
880,extreme_poverty,cardiovasc_death_rate,0.18982798014096589
881,extreme_poverty,diabetes_prevalence,-0.40222847803086215
882,extreme_poverty,female_smokers,-0.41106373428758547
883,extreme_poverty,male_smokers,-0.19231742809618627
884,extreme_poverty,handwashing_facilities,-0.7519264811027069
885,extreme_poverty,hospital_beds_per_thousand,-0.4435070290889141
886,extreme_poverty,life_expectancy,-0.7522311649159689
887,extreme_poverty,human_development_index,-0.7773277409363628
888,extreme_poverty,excess_mortality_cumulative_absolute,0.9271463987108624
889,extreme_poverty,excess_mortality,-0.14174022197615135
890,extreme_poverty,excess_mortality_cumulative_per_million,0.9797544801683659
891,cardiovasc_death_rate,diabetes_prevalence,0.1477628827814606
892,cardiovasc_death_rate,female_smokers,-0.1423109758753647
893,cardiovasc_death_rate,male_smokers,0.42576629786899195
894,cardiovasc_death_rate,handwashing_facilities,-0.04185328444258311
895,cardiovasc_death_rate,hospital_beds_per_thousand,0.011327205365569956
896,cardiovasc_death_rate,life_expectancy,-0.4673779646524247
897,cardiovasc_death_rate,human_development_index,-0.42755859789008205
898,cardiovasc_death_rate,excess_mortality_cumulative_absolute,-0.48524547734482715
899,cardiovasc_death_rate,excess_mortality,0.40478582851883116
900,cardiovasc_death_rate,excess_mortality_cumulative_per_million,-0.25080210459198427
901,diabetes_prevalence,female_smokers,0.008883051081210376
902,diabetes_prevalence,male_smokers,0.2037533823839161
903,diabetes_prevalence,handwashing_facilities,0.4737068363487753
904,diabetes_prevalence,hospital_beds_per_thousand,-0.07301085079511668
905,diabetes_prevalence,life_expectancy,0.24849038841040405
906,diabetes_prevalence,human_development_index,0.1994436169426598
907,diabetes_prevalence,excess_mortality_cumulative_absolute,0.08661919400814594
908,diabetes_prevalence,excess_mortality,-0.6026980697607169
909,diabetes_prevalence,excess_mortality_cumulative_per_million,-0.057366962107200346
910,female_smokers,male_smokers,0.22758791142037282
911,female_smokers,handwashing_facilities,0.2971260213958948
912,female_smokers,hospital_beds_per_thousand,0.47350626469216656
913,female_smokers,life_expectancy,0.4988295983665452
914,female_smokers,human_development_index,0.5543244153542116
915,female_smokers,excess_mortality_cumulative_absolute,-0.5851422125127779
916,female_smokers,excess_mortality,-0.6397267297880609
917,female_smokers,excess_mortality_cumulative_per_million,-0.343476391453986
918,male_smokers,handwashing_facilities,0.32706373480712975
919,male_smokers,hospital_beds_per_thousand,0.34627587831415113
920,male_smokers,life_expectancy,0.05610059721336865
921,male_smokers,human_development_index,0.08920271566262127
922,male_smokers,excess_mortality_cumulative_absolute,0.5789684372293026
923,male_smokers,excess_mortality,0.27584733623277313
924,male_smokers,excess_mortality_cumulative_per_million,0.7924884897085099
925,handwashing_facilities,hospital_beds_per_thousand,0.4518793000087395
926,handwashing_facilities,life_expectancy,0.8161267848618304
927,handwashing_facilities,human_development_index,0.8349943239696327
928,handwashing_facilities,excess_mortality_cumulative_absolute,
929,handwashing_facilities,excess_mortality,
930,handwashing_facilities,excess_mortality_cumulative_per_million,
931,hospital_beds_per_thousand,life_expectancy,0.4721002053299306
932,hospital_beds_per_thousand,human_development_index,0.5654041947426517
933,hospital_beds_per_thousand,excess_mortality_cumulative_absolute,-0.6127498906578801
934,hospital_beds_per_thousand,excess_mortality,0.35555393490817727
935,hospital_beds_per_thousand,excess_mortality_cumulative_per_million,-0.3909733698369177
936,life_expectancy,human_development_index,0.9121286559809405
937,life_expectancy,excess_mortality_cumulative_absolute,-0.6547021479358544
938,life_expectancy,excess_mortality,-0.6337920168451595
939,life_expectancy,excess_mortality_cumulative_per_million,-0.5649088845918836
940,human_development_index,excess_mortality_cumulative_absolute,-0.7155714390499687
941,human_development_index,excess_mortality,-0.3798766698882816
942,human_development_index,excess_mortality_cumulative_per_million,-0.5902676921211369
943,excess_mortality_cumulative_absolute,excess_mortality,0.12159580808651152
944,excess_mortality_cumulative_absolute,excess_mortality_cumulative_per_million,0.9434370260312395
945,excess_mortality,excess_mortality_cumulative_per_million,0.07624975022908112
